accuracy,f1,precision,recall,test_size,n_positives,n_negatives,variance
0.58,0.45,0.72,0.58,624,390,234,0.15
0.6,0.48,0.74,0.6,624,390,234,0.14
0.62,0.5,0.76,0.62,624,390,234,0.135
0.63,0.51,0.77,0.63,624,390,234,0.134
0.6394230769230769,0.5128524046434494,0.7713414634146342,0.6394230769230769,624,390,234,0.1331516476885344
